﻿{"cameraMode":{"drawMode":0,"name":"Shaded","section":"Shading Mode"},"sceneLighting":false,"audioPlay":false,"sceneViewState":{"showFog":true,"showMaterialUpdate":false,"showSkybox":false,"showFlares":true,"showImageEffects":true,"showParticleSystems":true},"in2DMode":false,"pivot":{"x":-0.025638103485107423,"y":0.18643009662628175,"z":-0.13600921630859376},"rotation":{"x":0.0021162971388548614,"y":0.9977056384086609,"z":-0.05333563685417175,"w":0.04164525493979454},"size":10.380486488342286,"orthographic":false}