﻿{"cameraMode":{"drawMode":0,"name":"Shaded","section":"Shading Mode"},"sceneLighting":false,"audioPlay":false,"sceneViewState":{"showFog":true,"showMaterialUpdate":false,"showSkybox":false,"showFlares":true,"showImageEffects":true,"showParticleSystems":true},"in2DMode":false,"pivot":{"x":-1.1982752084732056,"y":2.0799999237060549,"z":-16.615619659423829},"rotation":{"x":0.0030789633747190239,"y":0.9903234839439392,"z":-0.02228691428899765,"w":0.13694234192371369},"size":20.819103240966798,"orthographic":false}