﻿{"cameraMode":{"drawMode":0,"name":"Shaded","section":"Shading Mode"},"sceneLighting":false,"audioPlay":false,"sceneViewState":{"showFog":true,"showMaterialUpdate":false,"showSkybox":false,"showFlares":true,"showImageEffects":true,"showParticleSystems":true},"in2DMode":false,"pivot":{"x":-1.3889650106430054,"y":0.5255189538002014,"z":-0.6188517808914185},"rotation":{"x":0.09584876894950867,"y":-0.6612581014633179,"z":0.0858033075928688,"w":0.7390456795692444},"size":1.0533713102340699,"orthographic":false}