﻿{"cameraMode":{"drawMode":0,"name":"Shaded","section":"Shading Mode"},"sceneLighting":false,"audioPlay":false,"sceneViewState":{"showFog":true,"showMaterialUpdate":false,"showSkybox":false,"showFlares":true,"showImageEffects":true,"showParticleSystems":true},"in2DMode":false,"pivot":{"x":-0.23574477434158326,"y":1.6727651357650757,"z":2.658555507659912},"rotation":{"x":0.02665964886546135,"y":-0.867348849773407,"z":0.046932969242334369,"w":0.4947653114795685},"size":1.872847318649292,"orthographic":false}