﻿{"cameraMode":{"drawMode":0,"name":"Shaded","section":"Shading Mode"},"sceneLighting":false,"audioPlay":false,"sceneViewState":{"showFog":true,"showMaterialUpdate":false,"showSkybox":false,"showFlares":true,"showImageEffects":true,"showParticleSystems":true},"in2DMode":false,"pivot":{"x":-3.36289119720459,"y":0.009104996919631958,"z":-24.096296310424806},"rotation":{"x":0.0040771933272480968,"y":0.9910817742347717,"z":-0.0312302615493536,"w":0.12947967648506165},"size":22.0,"orthographic":false}