﻿{"cameraMode":{"drawMode":0,"name":"Shaded","section":"Shading Mode"},"sceneLighting":false,"audioPlay":false,"sceneViewState":{"showFog":true,"showMaterialUpdate":false,"showSkybox":false,"showFlares":true,"showImageEffects":true,"showParticleSystems":true},"in2DMode":false,"pivot":{"x":-0.17394733428955079,"y":0.24875891208648683,"z":-0.4997023940086365},"rotation":{"x":0.052808597683906558,"y":-0.8188945055007935,"z":0.07638873904943466,"w":0.5663813948631287},"size":9.253439903259278,"orthographic":false}