﻿{"cameraMode":{"drawMode":0,"name":"Shaded","section":"Shading Mode"},"sceneLighting":false,"audioPlay":false,"sceneViewState":{"showFog":true,"showMaterialUpdate":false,"showSkybox":false,"showFlares":true,"showImageEffects":true,"showParticleSystems":true},"in2DMode":false,"pivot":{"x":-0.11382579803466797,"y":1.6989792585372925,"z":0.3400818109512329},"rotation":{"x":-0.025846265256404878,"y":-0.9069771766662598,"z":0.055761635303497317,"w":-0.4166713058948517},"size":1.743146538734436,"orthographic":false}