﻿{"cameraMode":{"drawMode":0,"name":"Shaded","section":"Shading Mode"},"sceneLighting":false,"audioPlay":false,"sceneViewState":{"showFog":true,"showMaterialUpdate":false,"showSkybox":false,"showFlares":true,"showImageEffects":true,"showParticleSystems":true},"in2DMode":false,"pivot":{"x":-0.07603216171264649,"y":-0.8980004787445068,"z":1.8443118333816529},"rotation":{"x":-0.18568682670593263,"y":-0.28034108877182009,"z":0.055370230227708819,"w":-0.9401401281356812},"size":3.3869731426239015,"orthographic":false}