﻿{"cameraMode":{"drawMode":0,"name":"Shaded","section":"Shading Mode"},"sceneLighting":false,"audioPlay":false,"sceneViewState":{"showFog":true,"showMaterialUpdate":false,"showSkybox":false,"showFlares":true,"showImageEffects":true,"showParticleSystems":true},"in2DMode":false,"pivot":{"x":126.34609985351563,"y":31.806228637695314,"z":241.22872924804688},"rotation":{"x":-0.0031086308881640436,"y":0.9759981632232666,"z":-0.21723125874996186,"w":-0.015116138383746148},"size":1.6386399269104005,"orthographic":false}