﻿{"cameraMode":{"drawMode":0,"name":"Shaded","section":"Shading Mode"},"sceneLighting":true,"audioPlay":false,"sceneViewState":{"showFog":true,"showMaterialUpdate":false,"showSkybox":true,"showFlares":true,"showImageEffects":true,"showParticleSystems":true},"in2DMode":false,"pivot":{"x":6.379515647888184,"y":1.206212043762207,"z":-2.743002414703369},"rotation":{"x":-0.16045227646827699,"y":-0.5328744053840637,"z":0.10385383665561676,"w":-0.8243266344070435},"size":14.522518157958985,"orthographic":false}